{
  "data" : [
    {
      "id" : "function-search",
      "type" : "function",
      "name" : "search"
    },
    {
      "id" : "function-sendHelpMessage",
      "type" : "function",
      "name" : "sendHelpMessage"
    },
    {
      "id" : "function-sendSearchResults",
      "type" : "function",
      "name" : "sendSearchResults",
      "requirements" : [
        {
          "name" : "items",
          "negative" : false
        }
      ]
    },
    {
      "id" : "template-HELP MESSAGE",
      "type" : "template",
      "template" : "HELP MESSAGE"
    },
    {
      "id" : "template-Howdy!",
      "type" : "template",
      "template" : "Howdy!"
    },
    {
      "id" : "template-I'm Asa",
      "type" : "template",
      "template" : "I'm Asa"
    },
    {
      "id" : "template-Ok let me look on Amazon...",
      "type" : "template",
      "template" : "Ok let me look on Amazon...",
      "requirements" : [
        {
          "name" : "items",
          "negative" : false
        }
      ]
    },
    {
      "id" : "template-Well... I'm about 2 weeks old",
      "type" : "template",
      "template" : "Well... I'm about 2 weeks old"
    },
    {
      "id" : "template-What are you looking for?",
      "type" : "template",
      "template" : "What are you looking for?",
      "requirements" : [
        {
          "name" : "missing_keywords",
          "negative" : false
        }
      ]
    }
  ]
}