{
  "data" : [
    {
      "id" : "function-checkQuery",
      "type" : "function",
      "name" : "checkQuery"
    },
    {
      "id" : "function-clearContext",
      "type" : "function",
      "name" : "clearContext"
    },
    {
      "id" : "function-confirmSearch",
      "type" : "function",
      "name" : "confirmSearch",
      "requirements" : [
        {
          "name" : "keywords",
          "negative" : false
        }
      ]
    },
    {
      "id" : "function-resetVariations",
      "type" : "function",
      "name" : "resetVariations"
    },
    {
      "id" : "function-search",
      "type" : "function",
      "name" : "search",
      "requirements" : [
        {
          "name" : "keywords",
          "negative" : false
        },
        {
          "name" : "run_search",
          "negative" : false
        }
      ]
    },
    {
      "id" : "function-sendAddFilterPrompt",
      "type" : "function",
      "name" : "sendAddFilterPrompt",
      "requirements" : [
        {
          "name" : "bins",
          "negative" : false
        }
      ]
    },
    {
      "id" : "function-sendHelpMessage",
      "type" : "function",
      "name" : "sendHelpMessage"
    },
    {
      "id" : "function-sendSearchResults",
      "type" : "function",
      "name" : "sendSearchResults",
      "requirements" : [
        {
          "name" : "items",
          "negative" : false
        }
      ]
    },
    {
      "id" : "function-stopSearchProcess",
      "type" : "function",
      "name" : "stopSearchProcess"
    },
    {
      "id" : "function-storeKeywords",
      "type" : "function",
      "name" : "storeKeywords",
      "requirements" : [
        {
          "name" : "missing_keywords",
          "negative" : false
        }
      ]
    },
    {
      "id" : "template-Do you want me to search for \"{keywords}\"?",
      "type" : "template",
      "template" : "Do you want me to search for \"{keywords}\"?",
      "requirements" : [
        {
          "name" : "keywords",
          "negative" : false
        },
        {
          "name" : "missing_search_intent",
          "negative" : false
        }
      ],
      "quickreplies" : [
        "Yes",
        "No"
      ]
    },
    {
      "id" : "template-Howdy!",
      "type" : "template",
      "template" : "Howdy!"
    },
    {
      "id" : "template-I'm Asa",
      "type" : "template",
      "template" : "I'm Asa"
    },
    {
      "id" : "template-No problem!",
      "type" : "template",
      "template" : "No problem!"
    },
    {
      "id" : "template-Ok, just itching to search for something",
      "type" : "template",
      "template" : "Ok, just itching to search for something"
    },
    {
      "id" : "template-Sorry, I don't understand what you want to search :(",
      "type" : "template",
      "template" : "Sorry, I don't understand what you want to search :("
    },
    {
      "id" : "template-Well... I'm about 2 weeks old",
      "type" : "template",
      "template" : "Well... I'm about 2 weeks old"
    },
    {
      "id" : "template-What are you looking for?",
      "type" : "template",
      "template" : "What are you looking for?",
      "requirements" : [
        {
          "name" : "missing_keywords",
          "negative" : false
        }
      ]
    },
    {
      "id" : "template-What do you think?",
      "type" : "template",
      "template" : "What do you think?"
    }
  ]
}