{
  "data" : [
    {
      "id" : "function-search",
      "type" : "function",
      "name" : "search"
    },
    {
      "id" : "template-<send_items>",
      "type" : "template",
      "template" : "<send_items>"
    },
    {
      "id" : "template-Howdy!",
      "type" : "template",
      "template" : "Howdy!"
    },
    {
      "id" : "template-I'm Asa",
      "type" : "template",
      "template" : "I'm Asa"
    },
    {
      "id" : "template-Of course!",
      "type" : "template",
      "template" : "Of course!"
    },
    {
      "id" : "template-Ok let me look on Amazon...",
      "type" : "template",
      "template" : "Ok let me look on Amazon..."
    },
    {
      "id" : "template-Well... I'm about 2 weeks old",
      "type" : "template",
      "template" : "Well... I'm about 2 weeks old"
    },
    {
      "id" : "template-What are you looking for?",
      "type" : "template",
      "template" : "What are you looking for?"
    }
  ]
}