{
  "data" : [
    {
      "text" : "Asa find me Harry Potter and the Sorcerers Stone"
    },
    {
      "text" : "Asa find me a Huffy bike"
    },
    {
      "text" : "Asa find me a bike"
    },
    {
      "text" : "Asa give me a book about algorithms"
    },
    {
      "text" : "Bethesda games"
    },
    {
      "text" : "Can you find graph paper?",
      "entities" : [
        {
          "entity" : "intent",
          "value" : "\"search\""
        },
        {
          "entity" : "search_query",
          "value" : "\"graph paper\"",
          "start" : 13,
          "end" : 24
        }
      ]
    },
    {
      "text" : "Can you help me find a warm coat for my daughter?",
      "entities" : [
        {
          "entity" : "search_query",
          "value" : "\"warm coat\"",
          "start" : 23,
          "end" : 32
        }
      ]
    },
    {
      "text" : "Can you help me?",
      "entities" : [
        {
          "entity" : "intent",
          "value" : "\"help\""
        }
      ]
    },
    {
      "text" : "Can you helpl me find a good book for my niece?",
      "entities" : [
        {
          "entity" : "search_query",
          "value" : "\"book\"",
          "start" : 29,
          "end" : 33
        }
      ]
    },
    {
      "text" : "Can you recommend a gift?"
    },
    {
      "text" : "Find Pillars of the Earth"
    },
    {
      "text" : "Find Skyrim",
      "entities" : [
        {
          "entity" : "intent",
          "value" : "\"search\""
        },
        {
          "entity" : "search_query",
          "value" : "\"Skyrim\"",
          "start" : 5,
          "end" : 11
        }
      ]
    },
    {
      "text" : "Find a sweet video game",
      "entities" : [
        {
          "entity" : "intent",
          "value" : "\"search\""
        },
        {
          "entity" : "search_query",
          "value" : "\"sweet video game\"",
          "start" : 7,
          "end" : 23
        }
      ]
    },
    {
      "text" : "Find an xbox",
      "entities" : [
        {
          "entity" : "intent",
          "value" : "\"search\""
        },
        {
          "entity" : "search_query",
          "value" : "\"xbox\"",
          "start" : 8,
          "end" : 12
        }
      ]
    },
    {
      "text" : "Find me something",
      "entities" : [
        {
          "entity" : "intent",
          "value" : "\"search\""
        }
      ]
    },
    {
      "text" : "Find something",
      "entities" : [
        {
          "entity" : "intent",
          "value" : "\"search\""
        }
      ]
    },
    {
      "text" : "HELLO",
      "entities" : [
        {
          "entity" : "intent",
          "value" : "\"greeting_simple\""
        },
        {
          "entity" : "search_query",
          "value" : "\"HELLO\"",
          "start" : 0,
          "end" : 5
        }
      ]
    },
    {
      "text" : "HELP",
      "entities" : [
        {
          "entity" : "intent",
          "value" : "\"help\""
        },
        {
          "entity" : "search_query",
          "value" : "\"HELP\"",
          "start" : 0,
          "end" : 4
        }
      ]
    },
    {
      "text" : "Harry Potter book",
      "entities" : [
        {
          "entity" : "intent",
          "value" : "\"search\""
        },
        {
          "entity" : "search_query",
          "value" : "\"Harry Potter book\"",
          "start" : 0,
          "end" : 17
        }
      ]
    },
    {
      "text" : "Hello",
      "entities" : [
        {
          "entity" : "intent",
          "value" : "\"greeting_simple\""
        }
      ]
    },
    {
      "text" : "Hello!"
    },
    {
      "text" : "Hey",
      "entities" : [
        {
          "entity" : "intent",
          "value" : "\"greeting_simple\""
        }
      ]
    },
    {
      "text" : "Hi",
      "entities" : [
        {
          "entity" : "intent",
          "value" : "\"greeting_simple\""
        },
        {
          "entity" : "search_query",
          "value" : "\"Hi\"",
          "start" : 0,
          "end" : 2
        }
      ]
    },
    {
      "text" : "Hiya",
      "entities" : [
        {
          "entity" : "intent",
          "value" : "\"greeting_simple\""
        }
      ]
    },
    {
      "text" : "How are you Asa?"
    },
    {
      "text" : "How are you doing?"
    },
    {
      "text" : "How are you?"
    },
    {
      "text" : "How does this work?",
      "entities" : [
        {
          "entity" : "intent",
          "value" : "\"help\""
        }
      ]
    },
    {
      "text" : "How old are you?",
      "entities" : [
        {
          "entity" : "intent",
          "value" : "\"query_age\""
        }
      ]
    },
    {
      "text" : "How was your day today?"
    },
    {
      "text" : "How's it going?"
    },
    {
      "text" : "Howdy",
      "entities" : [
        {
          "entity" : "intent",
          "value" : "\"greeting_simple\""
        },
        {
          "entity" : "search_query",
          "value" : "\"Howdy\"",
          "start" : 0,
          "end" : 5
        }
      ]
    },
    {
      "text" : "Howdy!!",
      "entities" : [
        {
          "entity" : "intent",
          "value" : "\"greeting_simple\""
        }
      ]
    },
    {
      "text" : "I am looking for carrots",
      "entities" : [
        {
          "entity" : "intent",
          "value" : "\"search\""
        },
        {
          "entity" : "search_query",
          "value" : "\"carrots\"",
          "start" : 17,
          "end" : 24
        }
      ]
    },
    {
      "text" : "I am looking for shoes",
      "entities" : [
        {
          "entity" : "intent",
          "value" : "\"search\""
        },
        {
          "entity" : "search_query",
          "value" : "\"shoes\"",
          "start" : 17,
          "end" : 22
        }
      ]
    },
    {
      "text" : "I don't understand what to do",
      "entities" : [
        {
          "entity" : "intent",
          "value" : "\"help\""
        }
      ]
    },
    {
      "text" : "I need a gift for my hampster"
    },
    {
      "text" : "I need a lot of kleenexes",
      "entities" : [
        {
          "entity" : "intent",
          "value" : "\"search\""
        },
        {
          "entity" : "search_query",
          "value" : "\"kleenexes\"",
          "start" : 16,
          "end" : 25
        }
      ]
    },
    {
      "text" : "I need a new bike"
    },
    {
      "text" : "I need a new winter coat"
    },
    {
      "text" : "I need shampoo",
      "entities" : [
        {
          "entity" : "intent",
          "value" : "\"search\""
        },
        {
          "entity" : "search_query",
          "value" : "\"shampoo\"",
          "start" : 7,
          "end" : 14
        }
      ]
    },
    {
      "text" : "I need something",
      "entities" : [
        {
          "entity" : "intent",
          "value" : "\"search\""
        }
      ]
    },
    {
      "text" : "I need to find something",
      "entities" : [
        {
          "entity" : "intent",
          "value" : "\"search\""
        }
      ]
    },
    {
      "text" : "I need to purchase something",
      "entities" : [
        {
          "entity" : "intent",
          "value" : "\"search\""
        }
      ]
    },
    {
      "text" : "I want Harry Potter",
      "entities" : [
        {
          "entity" : "intent",
          "value" : "\"search\""
        },
        {
          "entity" : "search_query",
          "value" : "\"Harry Potter\"",
          "start" : 7,
          "end" : 19
        }
      ]
    },
    {
      "text" : "I want kinder buenos",
      "entities" : [
        {
          "entity" : "intent",
          "value" : "\"search\""
        },
        {
          "entity" : "search_query",
          "value" : "\"kinder buenos\"",
          "start" : 7,
          "end" : 20
        }
      ]
    },
    {
      "text" : "I want to buy",
      "entities" : [
        {
          "entity" : "intent",
          "value" : "\"search\""
        }
      ]
    },
    {
      "text" : "I want to buy fish",
      "entities" : [
        {
          "entity" : "intent",
          "value" : "\"search\""
        },
        {
          "entity" : "search_query",
          "value" : "\"fish\"",
          "start" : 14,
          "end" : 18
        }
      ]
    },
    {
      "text" : "I want to buy something",
      "entities" : [
        {
          "entity" : "intent",
          "value" : "\"search\""
        }
      ]
    },
    {
      "text" : "I want to search for something",
      "entities" : [
        {
          "entity" : "intent",
          "value" : "\"search\""
        }
      ]
    },
    {
      "text" : "I'd like to buy an xbox",
      "entities" : [
        {
          "entity" : "intent",
          "value" : "\"search\""
        },
        {
          "entity" : "search_query",
          "value" : "\"xbox\"",
          "start" : 19,
          "end" : 23
        }
      ]
    },
    {
      "text" : "I'm looking for",
      "entities" : [
        {
          "entity" : "intent",
          "value" : "\"search\""
        }
      ]
    },
    {
      "text" : "I'm looking for Harry Potter and the Goblet of Fire",
      "entities" : [
        {
          "entity" : "intent",
          "value" : "\"search\""
        },
        {
          "entity" : "search_query",
          "value" : "\"Harry Potter and the Goblet of Fire\"",
          "start" : 16,
          "end" : 51
        }
      ]
    },
    {
      "text" : "I'm looking for Kinder Buenos",
      "entities" : [
        {
          "entity" : "intent",
          "value" : "\"search\""
        },
        {
          "entity" : "search_query",
          "value" : "\"Kinder Buenos\"",
          "start" : 16,
          "end" : 29
        }
      ]
    },
    {
      "text" : "I'm looking for Skyrim",
      "entities" : [
        {
          "entity" : "intent",
          "value" : "\"search\""
        },
        {
          "entity" : "search_query",
          "value" : "\"Skyrim\"",
          "start" : 16,
          "end" : 22
        }
      ]
    },
    {
      "text" : "I'm looking for a gift for my brother"
    },
    {
      "text" : "I'm looking for a gift for my dad"
    },
    {
      "text" : "I'm looking for a gift for my daughter"
    },
    {
      "text" : "I'm looking for a gift for my mom"
    },
    {
      "text" : "I'm looking for a gift for my sister"
    },
    {
      "text" : "I'm looking for a good book",
      "entities" : [
        {
          "entity" : "intent",
          "value" : "\"search\""
        },
        {
          "entity" : "search_query",
          "value" : "\"good book\"",
          "start" : 18,
          "end" : 27
        }
      ]
    },
    {
      "text" : "I'm looking for a guitar tuner",
      "entities" : [
        {
          "entity" : "intent",
          "value" : "\"search\""
        },
        {
          "entity" : "search_query",
          "value" : "\"guitar tuner\"",
          "start" : 18,
          "end" : 30
        }
      ]
    },
    {
      "text" : "I'm looking for a high-backed mesh chair",
      "entities" : [
        {
          "entity" : "intent",
          "value" : "\"search\""
        },
        {
          "entity" : "search_query",
          "value" : "\"high-backed mesh chair\"",
          "start" : 18,
          "end" : 40
        }
      ]
    },
    {
      "text" : "I'm looking for a new bike",
      "entities" : [
        {
          "entity" : "intent",
          "value" : "\"search\""
        },
        {
          "entity" : "search_query",
          "value" : "\"bike\"",
          "start" : 22,
          "end" : 26
        }
      ]
    },
    {
      "text" : "I'm looking for a new pair of shoes",
      "entities" : [
        {
          "entity" : "intent",
          "value" : "\"search\""
        },
        {
          "entity" : "search_query",
          "value" : "\"shoes\"",
          "start" : 30,
          "end" : 35
        }
      ]
    },
    {
      "text" : "I'm looking for a new set of headphones",
      "entities" : [
        {
          "entity" : "intent",
          "value" : "\"search\""
        },
        {
          "entity" : "search_query",
          "value" : "\"headphones\"",
          "start" : 29,
          "end" : 39
        }
      ]
    },
    {
      "text" : "I'm looking for a new winter coat"
    },
    {
      "text" : "I'm looking for a soccer ball",
      "entities" : [
        {
          "entity" : "intent",
          "value" : "\"search\""
        },
        {
          "entity" : "search_query",
          "value" : "\"soccer ball\"",
          "start" : 18,
          "end" : 29
        }
      ]
    },
    {
      "text" : "I'm looking for a tv",
      "entities" : [
        {
          "entity" : "intent",
          "value" : "\"search\""
        },
        {
          "entity" : "search_query",
          "value" : "\"tv\"",
          "start" : 18,
          "end" : 20
        }
      ]
    },
    {
      "text" : "I'm looking for an xbox",
      "entities" : [
        {
          "entity" : "intent",
          "value" : "\"search\""
        },
        {
          "entity" : "search_query",
          "value" : "\"xbox\"",
          "start" : 19,
          "end" : 23
        }
      ]
    },
    {
      "text" : "I'm looking for cake",
      "entities" : [
        {
          "entity" : "intent",
          "value" : "\"search\""
        },
        {
          "entity" : "search_query",
          "value" : "\"cake\"",
          "start" : 16,
          "end" : 20
        }
      ]
    },
    {
      "text" : "I'm looking for chocolate",
      "entities" : [
        {
          "entity" : "intent",
          "value" : "\"search\""
        },
        {
          "entity" : "search_query",
          "value" : "\"chocolate\"",
          "start" : 16,
          "end" : 25
        }
      ]
    },
    {
      "text" : "I'm looking for classical guitar strings",
      "entities" : [
        {
          "entity" : "intent",
          "value" : "\"search\""
        },
        {
          "entity" : "search_query",
          "value" : "\"classical guitar strings\"",
          "start" : 16,
          "end" : 40
        }
      ]
    },
    {
      "text" : "I'm looking for kinder buenos",
      "entities" : [
        {
          "entity" : "intent",
          "value" : "\"search\""
        },
        {
          "entity" : "search_query",
          "value" : "\"kinder buenos\"",
          "start" : 16,
          "end" : 29
        }
      ]
    },
    {
      "text" : "I'm looking for shoes",
      "entities" : [
        {
          "entity" : "intent",
          "value" : "\"search\""
        },
        {
          "entity" : "search_query",
          "value" : "\"shoes\"",
          "start" : 16,
          "end" : 21
        }
      ]
    },
    {
      "text" : "I'm looking for something",
      "entities" : [
        {
          "entity" : "intent",
          "value" : "\"search\""
        }
      ]
    },
    {
      "text" : "It's time I get a new monitor"
    },
    {
      "text" : "My computer is old"
    },
    {
      "text" : "Search for high heeled shoes"
    },
    {
      "text" : "Search for something",
      "entities" : [
        {
          "entity" : "intent",
          "value" : "\"search\""
        }
      ]
    },
    {
      "text" : "Search for video game consoles"
    },
    {
      "text" : "Skyrim"
    },
    {
      "text" : "What are you doing?"
    },
    {
      "text" : "What do I do!!",
      "entities" : [
        {
          "entity" : "intent",
          "value" : "\"help\""
        }
      ]
    },
    {
      "text" : "What do i do?",
      "entities" : [
        {
          "entity" : "intent",
          "value" : "\"help\""
        }
      ]
    },
    {
      "text" : "What do you do here?"
    },
    {
      "text" : "What is up?"
    },
    {
      "text" : "What is your occupation?"
    },
    {
      "text" : "What's going on?"
    },
    {
      "text" : "What's happening in your world?"
    },
    {
      "text" : "What's up with you, Asa?"
    },
    {
      "text" : "What's up with you?"
    },
    {
      "text" : "What's up?"
    },
    {
      "text" : "What's your job?"
    },
    {
      "text" : "What's your name?",
      "entities" : [
        {
          "entity" : "intent",
          "value" : "\"query_name\""
        },
        {
          "entity" : "search_query",
          "value" : "\"name\"",
          "start" : 12,
          "end" : 16
        }
      ]
    },
    {
      "text" : "Yo"
    },
    {
      "text" : "books about civil war"
    },
    {
      "text" : "can i get some help?",
      "entities" : [
        {
          "entity" : "intent",
          "value" : "\"help\""
        },
        {
          "entity" : "search_query",
          "value" : "\"help\"",
          "start" : 15,
          "end" : 19
        }
      ]
    },
    {
      "text" : "can you help me buy something?",
      "entities" : [
        {
          "entity" : "intent",
          "value" : "\"search\""
        }
      ]
    },
    {
      "text" : "can you help me?",
      "entities" : [
        {
          "entity" : "intent",
          "value" : "\"help\""
        }
      ]
    },
    {
      "text" : "chameleon pillows",
      "entities" : [
        {
          "entity" : "search_query",
          "value" : "\"chameleon pillows\"",
          "start" : 0,
          "end" : 17
        }
      ]
    },
    {
      "text" : "flash drive",
      "entities" : [
        {
          "entity" : "intent",
          "value" : "\"search\""
        },
        {
          "entity" : "search_query",
          "value" : "\"flash drive\"",
          "start" : 0,
          "end" : 11
        }
      ]
    },
    {
      "text" : "help",
      "entities" : [
        {
          "entity" : "intent",
          "value" : "\"help\""
        },
        {
          "entity" : "search_query",
          "value" : "\"help\"",
          "start" : 0,
          "end" : 4
        }
      ]
    },
    {
      "text" : "help me",
      "entities" : [
        {
          "entity" : "intent",
          "value" : "\"help\""
        }
      ]
    },
    {
      "text" : "help me please",
      "entities" : [
        {
          "entity" : "intent",
          "value" : "\"help\""
        }
      ]
    },
    {
      "text" : "help!!",
      "entities" : [
        {
          "entity" : "intent",
          "value" : "\"help\""
        }
      ]
    },
    {
      "text" : "hey girl",
      "entities" : [
        {
          "entity" : "intent",
          "value" : "\"greeting_simple\""
        }
      ]
    },
    {
      "text" : "how are you doing?"
    },
    {
      "text" : "how do i talk to you?",
      "entities" : [
        {
          "entity" : "intent",
          "value" : "\"help\""
        },
        {
          "entity" : "search_query",
          "value" : "\"talk to you\"",
          "start" : 9,
          "end" : 20
        }
      ]
    },
    {
      "text" : "how old are you?",
      "entities" : [
        {
          "entity" : "intent",
          "value" : "\"query_age\""
        },
        {
          "entity" : "search_query",
          "value" : "\"old are you\"",
          "start" : 4,
          "end" : 15
        }
      ]
    },
    {
      "text" : "how you doin'?"
    },
    {
      "text" : "i am looking for shiers",
      "entities" : [
        {
          "entity" : "intent",
          "value" : "\"search\""
        },
        {
          "entity" : "search_query",
          "value" : "\"shiers\"",
          "start" : 17,
          "end" : 23
        }
      ]
    },
    {
      "text" : "i am looking for shirts",
      "entities" : [
        {
          "entity" : "intent",
          "value" : "\"search\""
        },
        {
          "entity" : "search_query",
          "value" : "\"shirts\"",
          "start" : 17,
          "end" : 23
        }
      ]
    },
    {
      "text" : "i am looking for shoes",
      "entities" : [
        {
          "entity" : "intent",
          "value" : "\"search\""
        },
        {
          "entity" : "search_query",
          "value" : "\"shoes\"",
          "start" : 17,
          "end" : 22
        }
      ]
    },
    {
      "text" : "i need a new winter coat"
    },
    {
      "text" : "i need help",
      "entities" : [
        {
          "entity" : "intent",
          "value" : "\"help\""
        },
        {
          "entity" : "search_query",
          "value" : "\"help\"",
          "start" : 7,
          "end" : 11
        }
      ]
    },
    {
      "text" : "i'm looking for shoes",
      "entities" : [
        {
          "entity" : "intent",
          "value" : "\"search\""
        },
        {
          "entity" : "search_query",
          "value" : "\"shoes\"",
          "start" : 16,
          "end" : 21
        }
      ]
    },
    {
      "text" : "it's been raining a lot, can you find some good rainboots?"
    },
    {
      "text" : "my laptop needs to be replaced"
    },
    {
      "text" : "new winter coat"
    },
    {
      "text" : "please help me",
      "entities" : [
        {
          "entity" : "intent",
          "value" : "\"help\""
        }
      ]
    },
    {
      "text" : "raw cashews"
    },
    {
      "text" : "shirt",
      "entities" : [
        {
          "entity" : "search_query",
          "value" : "\"shirt\"",
          "start" : 0,
          "end" : 5
        }
      ]
    },
    {
      "text" : "shoes",
      "entities" : [
        {
          "entity" : "intent",
          "value" : "\"search\""
        },
        {
          "entity" : "search_query",
          "value" : "\"shoes\"",
          "start" : 0,
          "end" : 5
        }
      ]
    },
    {
      "text" : "what's up?"
    },
    {
      "text" : "what's you name?",
      "entities" : [
        {
          "entity" : "intent",
          "value" : "\"query_name\""
        },
        {
          "entity" : "search_query",
          "value" : "\"name\"",
          "start" : 11,
          "end" : 15
        }
      ]
    },
    {
      "text" : "what's your age?"
    },
    {
      "text" : "what's your name?",
      "entities" : [
        {
          "entity" : "intent",
          "value" : "\"query_name\""
        },
        {
          "entity" : "search_query",
          "value" : "\"name\"",
          "start" : 12,
          "end" : 16
        }
      ]
    },
    {
      "text" : "xbox",
      "entities" : [
        {
          "entity" : "intent",
          "value" : "\"search\""
        },
        {
          "entity" : "search_query",
          "value" : "\"xbox\"",
          "start" : 0,
          "end" : 4
        }
      ]
    }
  ]
}