{
  "data" : [
    {
      "name" : "Item Search",
      "turns" : [
        {
          "user" : "I'm looking for Skyrim",
          "entities" : [
            {
              "entity" : "intent",
              "value" : "\"search\""
            },
            {
              "entity" : "search_query",
              "value" : "\"Skyrim\"",
              "start" : 16,
              "end" : 22
            }
          ],
          "operations" : [
            {
              "bookmark" : "searchProcess"
            },
            {
              "action" : "function-checkQuery"
            },
            {
              "branches" : [
                {
                  "predicates" : [
                    {
                      "name" : "run_search",
                      "negative" : false
                    }
                  ],
                  "operations" : [
                    {
                      "bookmark" : "search"
                    },
                    {
                      "action" : "function-search"
                    },
                    {
                      "branches" : [
                        {
                          "predicates" : [
                            {
                              "name" : "items",
                              "negative" : false
                            }
                          ],
                          "operations" : [
                            {
                              "action" : "function-sendSearchResults"
                            },
                            {
                              "action" : "function-sendAddFilterPrompt"
                            }
                          ]
                        }
                      ]
                    }
                  ]
                },
                {
                  "predicates" : [
                    {
                      "name" : "missing_keywords",
                      "negative" : false
                    }
                  ],
                  "operations" : [
                    {
                      "action" : "template-What are you looking for?"
                    }
                  ],
                  "turns" : [
                    {
                      "user" : "chameleon pillows",
                      "entities" : [
                        {
                          "entity" : "search_query",
                          "value" : "\"chameleon pillows\"",
                          "start" : 0,
                          "end" : 17
                        }
                      ],
                      "operations" : [
                        {
                          "action" : "function-storeKeywords"
                        },
                        {
                          "branches" : [
                            {
                              "predicates" : [
                                {
                                  "name" : "keywords",
                                  "negative" : false
                                }
                              ],
                              "operations" : [
                                {
                                  "jump" : "search"
                                }
                              ]
                            },
                            {
                              "predicates" : [
                                {
                                  "name" : "no_keywords",
                                  "negative" : false
                                }
                              ],
                              "operations" : [
                                {
                                  "action" : "template-Sorry, I don't understand what you want to search :("
                                },
                                {
                                  "action" : "function-clearContext"
                                }
                              ]
                            }
                          ]
                        }
                      ]
                    }
                  ]
                },
                {
                  "predicates" : [
                    {
                      "name" : "missing_search_intent",
                      "negative" : false
                    }
                  ],
                  "operations" : [
                    {
                      "action" : "template-Do you want me to search for \"{keywords}\"?"
                    }
                  ],
                  "turns" : [
                    {
                      "branches" : [
                        [
                          {
                            "user" : "Yes",
                            "entities" : [
                              {
                                "entity" : "yes_no",
                                "value" : "\"yes\""
                              }
                            ],
                            "operations" : [
                              {
                                "action" : "function-confirmSearch"
                              },
                              {
                                "jump" : "search"
                              }
                            ]
                          }
                        ],
                        [
                          {
                            "user" : "No",
                            "entities" : [
                              {
                                "entity" : "yes_no",
                                "value" : "\"no\""
                              }
                            ],
                            "operations" : [
                              {
                                "action" : "template-Ok, just itching to search for something"
                              },
                              {
                                "action" : "function-clearContext"
                              }
                            ]
                          }
                        ]
                      ]
                    }
                  ]
                }
              ]
            }
          ]
        }
      ]
    },
    {
      "name" : "Small Talk: simple greeting",
      "turns" : [
        {
          "user" : "Hey",
          "entities" : [
            {
              "entity" : "intent",
              "value" : "\"greeting_simple\""
            }
          ],
          "operations" : [
            {
              "action" : "template-Howdy!"
            }
          ]
        }
      ]
    },
    {
      "name" : "Small Talk: ask for name",
      "turns" : [
        {
          "user" : "What's your name?",
          "entities" : [
            {
              "entity" : "intent",
              "value" : "\"query_name\""
            }
          ],
          "operations" : [
            {
              "action" : "template-I'm Asa"
            }
          ]
        }
      ]
    },
    {
      "name" : "Small Talk: ask for help",
      "turns" : [
        {
          "user" : "Can you help me?",
          "entities" : [
            {
              "entity" : "intent",
              "value" : "\"help\""
            }
          ],
          "operations" : [
            {
              "action" : "function-sendHelpMessage"
            }
          ]
        }
      ]
    },
    {
      "name" : "Small Talk: ask for age",
      "turns" : [
        {
          "user" : "How old are you?",
          "entities" : [
            {
              "entity" : "intent",
              "value" : "\"query_age\""
            }
          ],
          "operations" : [
            {
              "action" : "template-Well... I'm about 2 weeks old"
            }
          ]
        }
      ]
    },
    {
      "name" : "Stop Selecting Variations",
      "turns" : [
        {
          "user" : "Nevermind",
          "entities" : [
            {
              "entity" : "intent",
              "value" : "\"stop_selecting\""
            }
          ],
          "operations" : [
            {
              "action" : "function-stopSearchProcess"
            }
          ]
        }
      ]
    },
    {
      "name" : "Reselect Variations",
      "turns" : [
        {
          "user" : "Reselect",
          "entities" : [
            {
              "entity" : "intent",
              "value" : "\"restart_selection\""
            }
          ],
          "operations" : [
            {
              "action" : "function-resetVariations"
            }
          ]
        }
      ]
    },
    {
      "name" : "Small Talk: say thanks",
      "turns" : [
        {
          "user" : "Thanks!",
          "entities" : [
            {
              "entity" : "intent",
              "value" : "\"gratitude\""
            }
          ],
          "operations" : [
            {
              "action" : "template-No problem!"
            }
          ]
        }
      ]
    },
    {
      "name" : "Small Talk: ask if human",
      "turns" : [
        {
          "user" : "Are you human?",
          "entities" : [
            {
              "entity" : "intent",
              "value" : "\"query_human\""
            }
          ],
          "operations" : [
            {
              "action" : "template-What do you think?"
            }
          ]
        }
      ]
    },
    {
      "name" : "Item Recommendation",
      "turns" : [
        {
          "user" : "Can you recommend a book",
          "entities" : [
            {
              "entity" : "intent",
              "value" : "\"recommend\""
            },
            {
              "entity" : "search_query",
              "value" : "\"book\"",
              "start" : 20,
              "end" : 24
            }
          ],
          "operations" : [
            {
              "jump" : "searchProcess"
            }
          ]
        }
      ]
    }
  ]
}