{
  "data" : {
    "lookups" : [
      "trait"
    ],
    "name" : "intent",
    "lang" : "en",
    "exotic" : false,
    "id" : "intent",
    "values" : [
      {
        "value" : "gratitude"
      },
      {
        "value" : "greeting_simple"
      },
      {
        "value" : "help"
      },
      {
        "value" : "query_age",
        "expressions" : [
          "query_age"
        ]
      },
      {
        "value" : "query_human"
      },
      {
        "value" : "query_name"
      },
      {
        "value" : "recommendation"
      },
      {
        "value" : "restart_selection"
      },
      {
        "value" : "search"
      },
      {
        "value" : "stop_selecting"
      }
    ],
    "doc" : "User-defined entity",
    "builtin" : false
  }
}