{
  "data" : {
    "lookups" : [
      "free-text",
      "keywords"
    ],
    "name" : "ambiguous",
    "lang" : "en",
    "exotic" : false,
    "id" : "ambiguous",
    "values" : [
      {
        "value" : "anything",
        "expressions" : [
          "anything"
        ]
      },
      {
        "value" : "anything else",
        "expressions" : [
          "anything else"
        ]
      },
      {
        "value" : "doohicky",
        "expressions" : [
          "do-hicky",
          "doo-hicky"
        ]
      },
      {
        "value" : "gadget",
        "expressions" : [
          "gadget",
          "gadgets"
        ]
      },
      {
        "value" : "something",
        "expressions" : [
          "some things",
          "something"
        ]
      },
      {
        "value" : "stuff",
        "expressions" : [
          "stuff"
        ]
      },
      {
        "value" : "that",
        "expressions" : [
          "that",
          "those"
        ]
      },
      {
        "value" : "thing",
        "expressions" : [
          "something",
          "thing",
          "things"
        ]
      }
    ],
    "doc" : "User-defined entity",
    "builtin" : false
  }
}