{
  "data" : {
    "lookups" : [
      "free-text",
      "keywords"
    ],
    "name" : "keywords",
    "lang" : "en",
    "exotic" : false,
    "id" : "keywords",
    "values" : [
      {
        "value" : "1998 honda accord radiator",
        "expressions" : [
          "1998 honda accord radiator"
        ]
      },
      {
        "value" : "40 inch 1080p hdtv",
        "expressions" : [
          "40 inch 1080p hdtv"
        ]
      },
      {
        "value" : "40 inch hdtv 1080p prime",
        "expressions" : [
          "40 inch hdtv 1080p prime"
        ]
      },
      {
        "value" : "4k monitor",
        "expressions" : [
          "4k monitor"
        ]
      },
      {
        "value" : "Acer computer monitor",
        "expressions" : [
          "Acer computer monitor"
        ]
      },
      {
        "value" : "Animal Farm by George Orwell",
        "expressions" : [
          "Animal Farm by George Orwell"
        ]
      },
      {
        "value" : "B01KTVQWT2",
        "expressions" : [
          "B01KTVQWT2"
        ]
      },
      {
        "value" : "Books",
        "expressions" : [
          "Books"
        ]
      },
      {
        "value" : "Buffalo wings",
        "expressions" : [
          "Buffalo wings"
        ]
      },
      {
        "value" : "Cheese",
        "expressions" : [
          "Cheese"
        ]
      },
      {
        "value" : "Chromecast",
        "expressions" : [
          "Chromecast"
        ]
      },
      {
        "value" : "Cleats",
        "expressions" : [
          "Cleats"
        ]
      },
      {
        "value" : "Cool sports shoes",
        "expressions" : [
          "Cool sports shoes"
        ]
      },
      {
        "value" : "Dog food",
        "expressions" : [
          "Dog food"
        ]
      },
      {
        "value" : "Elmo toys",
        "expressions" : [
          "Elmo toys"
        ]
      },
      {
        "value" : "FireTV stick",
        "expressions" : [
          "FireTV stick"
        ]
      },
      {
        "value" : "Frye boots",
        "expressions" : [
          "Frye boots"
        ]
      },
      {
        "value" : "Google pixel",
        "expressions" : [
          "Google pixel"
        ]
      },
      {
        "value" : "Google pixel cellphone",
        "expressions" : [
          "Google pixel cellphone"
        ]
      },
      {
        "value" : "Google pixel handset",
        "expressions" : [
          "Google pixel handset"
        ]
      },
      {
        "value" : "Google pixel phone",
        "expressions" : [
          "Google pixel phone"
        ]
      },
      {
        "value" : "Guinness",
        "expressions" : [
          "Guinness"
        ]
      },
      {
        "value" : "Halloween decorations",
        "expressions" : [
          "Halloween decorations"
        ]
      },
      {
        "value" : "Harry Potter and the Deathly Hallows",
        "expressions" : [
          "Harry Potter and the Deathly Hallows"
        ]
      },
      {
        "value" : "Harry Potter and the Goblet of Fire",
        "expressions" : [
          "Harry Potter and the Goblet of Fire"
        ]
      },
      {
        "value" : "Harry Potter book",
        "expressions" : [
          "Harry Potter book"
        ]
      },
      {
        "value" : "Harry potter",
        "expressions" : [
          "Harry potter"
        ]
      },
      {
        "value" : "Headphones",
        "expressions" : [
          "Headphones"
        ]
      },
      {
        "value" : "Jewel maw",
        "expressions" : [
          "Jewel maw"
        ]
      },
      {
        "value" : "Legend of Zelda: Breath of the Wild",
        "expressions" : [
          "Legend of Zelda: Breath of the Wild"
        ]
      },
      {
        "value" : "Mario cart",
        "expressions" : [
          "Mario cart"
        ]
      },
      {
        "value" : "Mario cart 8",
        "expressions" : [
          "Mario cart 8"
        ]
      },
      {
        "value" : "Monacle",
        "expressions" : [
          "Monacle"
        ]
      },
      {
        "value" : "New zelda",
        "expressions" : [
          "New zelda"
        ]
      },
      {
        "value" : "Note 7",
        "expressions" : [
          "Note 7"
        ]
      },
      {
        "value" : "Ocarina of time",
        "expressions" : [
          "Ocarina of time"
        ]
      },
      {
        "value" : "Patagonia Women's Re-Tool Snap-T Fleece Pullover",
        "expressions" : [
          "Patagonia Women's Re-Tool Snap-T Fleece Pullover"
        ]
      },
      {
        "value" : "Patagonia sweatshirt",
        "expressions" : [
          "Patagonia sweatshirt"
        ]
      },
      {
        "value" : "Pikmin digital",
        "expressions" : [
          "Pikmin digital"
        ]
      },
      {
        "value" : "Pretzel salt",
        "expressions" : [
          "Pretzel salt"
        ]
      },
      {
        "value" : "Rainboots",
        "expressions" : [
          "Rainboots"
        ]
      },
      {
        "value" : "Ribbon cables",
        "expressions" : [
          "Ribbon cables"
        ]
      },
      {
        "value" : "Settings",
        "expressions" : [
          "Settings"
        ]
      },
      {
        "value" : "Skyrim",
        "expressions" : [
          "Skyrim"
        ]
      },
      {
        "value" : "Steve jobs biography",
        "expressions" : [
          "Steve jobs biography"
        ]
      },
      {
        "value" : "TP-Link AC1200 Wireless Wi-Fi Dual Band Fast Ethernet Router (Archer C50)",
        "expressions" : [
          "TP-Link AC1200 Wireless Wi-Fi Dual Band Fast Ethernet Router (Archer C50)"
        ]
      },
      {
        "value" : "The Glass Castle",
        "expressions" : [
          "The Glass Castle"
        ]
      },
      {
        "value" : "Umbrellas",
        "expressions" : [
          "Umbrellas"
        ]
      },
      {
        "value" : "Wierd",
        "expressions" : [
          "Wierd"
        ]
      },
      {
        "value" : "Wind Waker",
        "expressions" : [
          "Wind Waker"
        ]
      },
      {
        "value" : "Wizard supplies",
        "expressions" : [
          "Wizard supplies"
        ]
      },
      {
        "value" : "Women's Patagonia fleece",
        "expressions" : [
          "Women's Patagonia fleece"
        ]
      },
      {
        "value" : "Women's Patagonia sweater",
        "expressions" : [
          "Women's Patagonia sweater"
        ]
      },
      {
        "value" : "Women's rain coat",
        "expressions" : [
          "Women's rain coat"
        ]
      },
      {
        "value" : "Women's winter boots",
        "expressions" : [
          "Women's winter boots"
        ]
      },
      {
        "value" : "almond butter",
        "expressions" : [
          "almond butter"
        ]
      },
      {
        "value" : "android phone",
        "expressions" : [
          "android phone"
        ]
      },
      {
        "value" : "animal farm",
        "expressions" : [
          "animal farm"
        ]
      },
      {
        "value" : "backpack",
        "expressions" : [
          "backpack"
        ]
      },
      {
        "value" : "bamboo cutting board",
        "expressions" : [
          "bamboo cutting board"
        ]
      },
      {
        "value" : "basketball",
        "expressions" : [
          "basketball"
        ]
      },
      {
        "value" : "bike",
        "expressions" : [
          "bike"
        ]
      },
      {
        "value" : "blender",
        "expressions" : [
          "blender"
        ]
      },
      {
        "value" : "board game",
        "expressions" : [
          "board game"
        ]
      },
      {
        "value" : "book",
        "expressions" : [
          "book"
        ]
      },
      {
        "value" : "box",
        "expressions" : [
          "box"
        ]
      },
      {
        "value" : "box of crayons",
        "expressions" : [
          "box of crayons"
        ]
      },
      {
        "value" : "bunny ears",
        "expressions" : [
          "bunny ears"
        ]
      },
      {
        "value" : "cake",
        "expressions" : [
          "cake"
        ]
      },
      {
        "value" : "call of duty",
        "expressions" : [
          "call of duty"
        ]
      },
      {
        "value" : "candy",
        "expressions" : [
          "candy"
        ]
      },
      {
        "value" : "car",
        "expressions" : [
          "car"
        ]
      },
      {
        "value" : "carrot cake",
        "expressions" : [
          "carrot cake"
        ]
      },
      {
        "value" : "carrot sticks",
        "expressions" : [
          "carrot sticks"
        ]
      },
      {
        "value" : "carrots",
        "expressions" : [
          "carrots"
        ]
      },
      {
        "value" : "cat",
        "expressions" : [
          "cat"
        ]
      },
      {
        "value" : "cats",
        "expressions" : [
          "cats"
        ]
      },
      {
        "value" : "cereal",
        "expressions" : [
          "cereal"
        ]
      },
      {
        "value" : "chameleon pillow",
        "expressions" : [
          "chameleon pillow"
        ]
      },
      {
        "value" : "chameleon pillows",
        "expressions" : [
          "chameleon pillows"
        ]
      },
      {
        "value" : "chatbot",
        "expressions" : [
          "chatbot"
        ]
      },
      {
        "value" : "chocolate",
        "expressions" : [
          "chocolate"
        ]
      },
      {
        "value" : "chocolate bunnies",
        "expressions" : [
          "chocolate bunnies"
        ]
      },
      {
        "value" : "classical guitar strings",
        "expressions" : [
          "classical guitar strings"
        ]
      },
      {
        "value" : "coat",
        "expressions" : [
          "coat"
        ]
      },
      {
        "value" : "computer monitor",
        "expressions" : [
          "computer monitor"
        ]
      },
      {
        "value" : "cookware",
        "expressions" : [
          "cookware"
        ]
      },
      {
        "value" : "cool rocks",
        "expressions" : [
          "cool rocks"
        ]
      },
      {
        "value" : "couch",
        "expressions" : [
          "couch"
        ]
      },
      {
        "value" : "crayons",
        "expressions" : [
          "crayons"
        ]
      },
      {
        "value" : "database",
        "expressions" : [
          "database"
        ]
      },
      {
        "value" : "dildo",
        "expressions" : [
          "dildo"
        ]
      },
      {
        "value" : "dog",
        "expressions" : [
          "dog"
        ]
      },
      {
        "value" : "doorknob",
        "expressions" : [
          "doorknob"
        ]
      },
      {
        "value" : "erasable pens",
        "expressions" : [
          "erasable pens"
        ]
      },
      {
        "value" : "fallout 4",
        "expressions" : [
          "fallout 4"
        ]
      },
      {
        "value" : "fancy socks",
        "expressions" : [
          "fancy socks"
        ]
      },
      {
        "value" : "fantastic beasts and where to find them",
        "expressions" : [
          "fantastic beasts and where to find them"
        ]
      },
      {
        "value" : "fantasy book",
        "expressions" : [
          "fantasy book"
        ]
      },
      {
        "value" : "fire tv",
        "expressions" : [
          "fire tv"
        ]
      },
      {
        "value" : "firetv",
        "expressions" : [
          "firetv"
        ]
      },
      {
        "value" : "fish",
        "expressions" : [
          "fish"
        ]
      },
      {
        "value" : "flannel shirt",
        "expressions" : [
          "flannel shirt"
        ]
      },
      {
        "value" : "flash drive",
        "expressions" : [
          "flash drive"
        ]
      },
      {
        "value" : "flowers",
        "expressions" : [
          "flowers"
        ]
      },
      {
        "value" : "footie pajamas",
        "expressions" : [
          "footie pajamas"
        ]
      },
      {
        "value" : "fossil watch",
        "expressions" : [
          "fossil watch"
        ]
      },
      {
        "value" : "gift for a witch",
        "expressions" : [
          "gift for a witch"
        ]
      },
      {
        "value" : "graph paper",
        "expressions" : [
          "graph paper"
        ]
      },
      {
        "value" : "green tea",
        "expressions" : [
          "green tea"
        ]
      },
      {
        "value" : "guitar",
        "expressions" : [
          "guitar"
        ]
      },
      {
        "value" : "guitar tuner",
        "expressions" : [
          "guitar tuner"
        ]
      },
      {
        "value" : "hdtv",
        "expressions" : [
          "hdtv"
        ]
      },
      {
        "value" : "help",
        "expressions" : [
          "help"
        ]
      },
      {
        "value" : "high-backed mesh chair",
        "expressions" : [
          "high-backed mesh chair"
        ]
      },
      {
        "value" : "iphone",
        "expressions" : [
          "iphone"
        ]
      },
      {
        "value" : "island",
        "expressions" : [
          "island"
        ]
      },
      {
        "value" : "javascript the good parts",
        "expressions" : [
          "javascript the good parts"
        ]
      },
      {
        "value" : "kinder buenos",
        "expressions" : [
          "kinder buenos"
        ]
      },
      {
        "value" : "kleenexes",
        "expressions" : [
          "kleenexes"
        ]
      },
      {
        "value" : "kool-aid",
        "expressions" : [
          "kool-aid"
        ]
      },
      {
        "value" : "laptop",
        "expressions" : [
          "laptop"
        ]
      },
      {
        "value" : "laptops",
        "expressions" : [
          "laptops"
        ]
      },
      {
        "value" : "laura",
        "expressions" : [
          "laura"
        ]
      },
      {
        "value" : "le goose",
        "expressions" : [
          "le goose"
        ]
      },
      {
        "value" : "light bulb",
        "expressions" : [
          "light bulb"
        ]
      },
      {
        "value" : "mario kart 8",
        "expressions" : [
          "mario kart 8"
        ]
      },
      {
        "value" : "mechanical pencils",
        "expressions" : [
          "mechanical pencils"
        ]
      },
      {
        "value" : "monitor",
        "expressions" : [
          "monitor"
        ]
      },
      {
        "value" : "nerdy gifts",
        "expressions" : [
          "nerdy gifts"
        ]
      },
      {
        "value" : "nexus 5x",
        "expressions" : [
          "nexus 5x"
        ]
      },
      {
        "value" : "north face women's boots",
        "expressions" : [
          "north face women's boots"
        ]
      },
      {
        "value" : "novel",
        "expressions" : [
          "novel"
        ]
      },
      {
        "value" : "options",
        "expressions" : [
          "options"
        ]
      },
      {
        "value" : "paddle board",
        "expressions" : [
          "paddle board"
        ]
      },
      {
        "value" : "pair of shoes",
        "expressions" : [
          "pair of shoes"
        ]
      },
      {
        "value" : "pair of socks",
        "expressions" : [
          "pair of socks"
        ]
      },
      {
        "value" : "patagonia shirt",
        "expressions" : [
          "patagonia shirt"
        ]
      },
      {
        "value" : "peanut brittle",
        "expressions" : [
          "peanut brittle"
        ]
      },
      {
        "value" : "peanut butter",
        "expressions" : [
          "peanut butter"
        ]
      },
      {
        "value" : "peanut butter cups",
        "expressions" : [
          "peanut butter cups"
        ]
      },
      {
        "value" : "peanuts",
        "expressions" : [
          "peanuts"
        ]
      },
      {
        "value" : "phone",
        "expressions" : [
          "phone"
        ]
      },
      {
        "value" : "phones",
        "expressions" : [
          "phones"
        ]
      },
      {
        "value" : "pillow",
        "expressions" : [
          "pillow"
        ]
      },
      {
        "value" : "pillows",
        "expressions" : [
          "pillows"
        ]
      },
      {
        "value" : "pineapple",
        "expressions" : [
          "pineapple"
        ]
      },
      {
        "value" : "pineapples",
        "expressions" : [
          "pineapples"
        ]
      },
      {
        "value" : "pistachios",
        "expressions" : [
          "pistachios"
        ]
      },
      {
        "value" : "plush goose",
        "expressions" : [
          "plush goose"
        ]
      },
      {
        "value" : "potatoes",
        "expressions" : [
          "potatoes"
        ]
      },
      {
        "value" : "princess bed",
        "expressions" : [
          "princess bed"
        ]
      },
      {
        "value" : "radiator",
        "expressions" : [
          "radiator"
        ]
      },
      {
        "value" : "radiohead",
        "expressions" : [
          "radiohead"
        ]
      },
      {
        "value" : "rain boots",
        "expressions" : [
          "rain boots"
        ]
      },
      {
        "value" : "rain coat",
        "expressions" : [
          "rain coat"
        ]
      },
      {
        "value" : "ribbon",
        "expressions" : [
          "ribbon"
        ]
      },
      {
        "value" : "rocket league",
        "expressions" : [
          "rocket league"
        ]
      },
      {
        "value" : "router",
        "expressions" : [
          "router"
        ]
      },
      {
        "value" : "rug",
        "expressions" : [
          "rug"
        ]
      },
      {
        "value" : "running shoes",
        "expressions" : [
          "running shoes"
        ]
      },
      {
        "value" : "samsung smart tv",
        "expressions" : [
          "samsung smart tv"
        ]
      },
      {
        "value" : "samsung tv",
        "expressions" : [
          "samsung tv"
        ]
      },
      {
        "value" : "scarf",
        "expressions" : [
          "scarf"
        ]
      },
      {
        "value" : "set of headphones",
        "expressions" : [
          "set of headphones"
        ]
      },
      {
        "value" : "shampoo",
        "expressions" : [
          "shampoo"
        ]
      },
      {
        "value" : "sheet music",
        "expressions" : [
          "sheet music"
        ]
      },
      {
        "value" : "sheets",
        "expressions" : [
          "sheets"
        ]
      },
      {
        "value" : "shiers",
        "expressions" : [
          "shiers"
        ]
      },
      {
        "value" : "shirt",
        "expressions" : [
          "shirt"
        ]
      },
      {
        "value" : "shirts",
        "expressions" : [
          "shirts"
        ]
      },
      {
        "value" : "shoes",
        "expressions" : [
          "shoes"
        ]
      },
      {
        "value" : "shopping chatbot",
        "expressions" : [
          "shopping chatbot"
        ]
      },
      {
        "value" : "shows",
        "expressions" : [
          "shows"
        ]
      },
      {
        "value" : "smart tv",
        "expressions" : [
          "smart tv"
        ]
      },
      {
        "value" : "soccer ball",
        "expressions" : [
          "soccer ball"
        ]
      },
      {
        "value" : "spikeball",
        "expressions" : [
          "spikeball"
        ]
      },
      {
        "value" : "started",
        "expressions" : [
          "started"
        ]
      },
      {
        "value" : "stuffed bear",
        "expressions" : [
          "stuffed bear"
        ]
      },
      {
        "value" : "sunscreen",
        "expressions" : [
          "sunscreen"
        ]
      },
      {
        "value" : "super mario",
        "expressions" : [
          "super mario"
        ]
      },
      {
        "value" : "tc",
        "expressions" : [
          "tc"
        ]
      },
      {
        "value" : "thank you cards",
        "expressions" : [
          "thank you cards"
        ]
      },
      {
        "value" : "tool to fix my roof",
        "expressions" : [
          "tool to fix my roof"
        ]
      },
      {
        "value" : "toothpaste",
        "expressions" : [
          "toothpaste"
        ]
      },
      {
        "value" : "tv",
        "expressions" : [
          "tv"
        ]
      },
      {
        "value" : "umbrella",
        "expressions" : [
          "umbrella"
        ]
      },
      {
        "value" : "video",
        "expressions" : [
          "video"
        ]
      },
      {
        "value" : "video game",
        "expressions" : [
          "video game"
        ]
      },
      {
        "value" : "video games",
        "expressions" : [
          "video games"
        ]
      },
      {
        "value" : "violin",
        "expressions" : [
          "violin"
        ]
      },
      {
        "value" : "warm coat",
        "expressions" : [
          "warm coat"
        ]
      },
      {
        "value" : "winter boots",
        "expressions" : [
          "winter boots"
        ]
      },
      {
        "value" : "women's rain jacket",
        "expressions" : [
          "women's rain jacket"
        ]
      },
      {
        "value" : "women's shoes",
        "expressions" : [
          "women's shoes"
        ]
      },
      {
        "value" : "xbo",
        "expressions" : [
          "xbo"
        ]
      },
      {
        "value" : "xbox",
        "expressions" : [
          "xbox"
        ]
      },
      {
        "value" : "yodeling pickle",
        "expressions" : [
          "yodeling pickle"
        ]
      }
    ],
    "doc" : "User-defined entity",
    "builtin" : false
  }
}