{
  "data" : {
    "lookups" : [
      "free-text",
      "free-text",
      "keywords",
      "keywords"
    ],
    "name" : "task",
    "lang" : "en",
    "exotic" : false,
    "id" : "task",
    "values" : [
      {
        "value" : "buy a gift",
        "expressions" : [
          "buy a gift"
        ]
      },
      {
        "value" : "buy a gift for Andrew",
        "expressions" : [
          "buy a gift for Andrew"
        ]
      },
      {
        "value" : "buy a gift for my mom",
        "expressions" : [
          "buy a gift for my mom"
        ]
      },
      {
        "value" : "buy textbooks",
        "expressions" : [
          "buy textbooks"
        ]
      },
      {
        "value" : "call my mom",
        "expressions" : [
          "call my mom"
        ]
      },
      {
        "value" : "get a gift for Andrew",
        "expressions" : [
          "get a gift for Andrew"
        ]
      },
      {
        "value" : "get gas",
        "expressions" : [
          "get gas"
        ]
      },
      {
        "value" : "get kleenexes",
        "expressions" : [
          "get kleenexes"
        ]
      },
      {
        "value" : "go home",
        "expressions" : [
          "go home"
        ]
      },
      {
        "value" : "go to the dentist",
        "expressions" : [
          "go to the dentist"
        ]
      },
      {
        "value" : "go to the store",
        "expressions" : [
          "go to the store"
        ]
      },
      {
        "value" : "meet Evan",
        "expressions" : [
          "meet Evan"
        ]
      },
      {
        "value" : "meet Renee",
        "expressions" : [
          "meet Renee"
        ]
      },
      {
        "value" : "pick my kid up",
        "expressions" : [
          "pick my kid up"
        ]
      },
      {
        "value" : "pick up my dry cleaning",
        "expressions" : [
          "pick up my dry cleaning"
        ]
      },
      {
        "value" : "purchase textbooks",
        "expressions" : [
          "purchase textbooks"
        ]
      },
      {
        "value" : "send a letter",
        "expressions" : [
          "send a letter"
        ]
      },
      {
        "value" : "shop",
        "expressions" : [
          "shop"
        ]
      },
      {
        "value" : "stop talking",
        "expressions" : [
          "stop talking"
        ]
      }
    ],
    "doc" : "User-defined entity",
    "builtin" : false
  }
}