{
  "data" : {
    "lookups" : [
      "free-text",
      "free-text",
      "keywords",
      "keywords"
    ],
    "name" : "task",
    "lang" : "en",
    "exotic" : false,
    "id" : "task",
    "values" : [
      {
        "value" : "ask someone to review my changes",
        "expressions" : [
          "ask someone to review my changes"
        ]
      },
      {
        "value" : "buy a gift",
        "expressions" : [
          "buy a gift"
        ]
      },
      {
        "value" : "buy a gift for Andrew",
        "expressions" : [
          "buy a gift for Andrew"
        ]
      },
      {
        "value" : "buy a gift for my mom",
        "expressions" : [
          "buy a gift for my mom"
        ]
      },
      {
        "value" : "buy a gift for my wife",
        "expressions" : [
          "buy a gift for my wife"
        ]
      },
      {
        "value" : "buy textbooks",
        "expressions" : [
          "buy textbooks"
        ]
      },
      {
        "value" : "call my mom",
        "expressions" : [
          "call my mom"
        ]
      },
      {
        "value" : "do my algorithms homework",
        "expressions" : [
          "do my algorithms homework"
        ]
      },
      {
        "value" : "do my homework",
        "expressions" : [
          "do my homework"
        ]
      },
      {
        "value" : "get a gift for Andrew",
        "expressions" : [
          "get a gift for Andrew"
        ]
      },
      {
        "value" : "get gas",
        "expressions" : [
          "get gas"
        ]
      },
      {
        "value" : "get kleenexes",
        "expressions" : [
          "get kleenexes"
        ]
      },
      {
        "value" : "go home",
        "expressions" : [
          "go home"
        ]
      },
      {
        "value" : "go to the dentist",
        "expressions" : [
          "go to the dentist"
        ]
      },
      {
        "value" : "go to the store",
        "expressions" : [
          "go to the store"
        ]
      },
      {
        "value" : "meet Evan",
        "expressions" : [
          "meet Evan"
        ]
      },
      {
        "value" : "meet Renee",
        "expressions" : [
          "meet Renee"
        ]
      },
      {
        "value" : "merge the changes",
        "expressions" : [
          "merge the changes"
        ]
      },
      {
        "value" : "pay my bill",
        "expressions" : [
          "pay my bill"
        ]
      },
      {
        "value" : "pay the electric bill",
        "expressions" : [
          "pay the electric bill"
        ]
      },
      {
        "value" : "pick my kid up",
        "expressions" : [
          "pick my kid up"
        ]
      },
      {
        "value" : "pick up my dry cleaning",
        "expressions" : [
          "pick up my dry cleaning"
        ]
      },
      {
        "value" : "play terraria",
        "expressions" : [
          "play terraria"
        ]
      },
      {
        "value" : "purchase textbooks",
        "expressions" : [
          "purchase textbooks"
        ]
      },
      {
        "value" : "say hi",
        "expressions" : [
          "say hi"
        ]
      },
      {
        "value" : "say this works",
        "expressions" : [
          "say this works"
        ]
      },
      {
        "value" : "send a letter",
        "expressions" : [
          "send a letter"
        ]
      },
      {
        "value" : "shop",
        "expressions" : [
          "shop"
        ]
      },
      {
        "value" : "stop presenting",
        "expressions" : [
          "stop presenting"
        ]
      },
      {
        "value" : "stop talking",
        "expressions" : [
          "stop talking"
        ]
      },
      {
        "value" : "try again",
        "expressions" : [
          "try again"
        ]
      }
    ],
    "doc" : "User-defined entity",
    "builtin" : false
  }
}