{
  "data" : [
    {
      "id" : "function-checkQuery",
      "type" : "function",
      "name" : "checkQuery"
    },
    {
      "id" : "function-checkReminder",
      "type" : "function",
      "name" : "checkReminder"
    },
    {
      "id" : "function-clearContext",
      "type" : "function",
      "name" : "clearContext"
    },
    {
      "id" : "function-confirmSearch",
      "type" : "function",
      "name" : "confirmSearch",
      "requirements" : [
        {
          "name" : "keywords",
          "negative" : false
        },
        {
          "name" : "missing_search_intent",
          "negative" : false
        }
      ]
    },
    {
      "id" : "function-resetVariations",
      "type" : "function",
      "name" : "resetVariations"
    },
    {
      "id" : "function-search",
      "type" : "function",
      "name" : "search",
      "requirements" : [
        {
          "name" : "keywords",
          "negative" : false
        },
        {
          "name" : "run_search",
          "negative" : false
        }
      ]
    },
    {
      "id" : "function-sendAddFilterPrompt",
      "type" : "function",
      "name" : "sendAddFilterPrompt",
      "requirements" : [
        {
          "name" : "bins",
          "negative" : false
        }
      ]
    },
    {
      "id" : "function-sendHelpMessage",
      "type" : "function",
      "name" : "sendHelpMessage"
    },
    {
      "id" : "function-sendSearchResults",
      "type" : "function",
      "name" : "sendSearchResults",
      "requirements" : [
        {
          "name" : "search_results",
          "negative" : false
        }
      ]
    },
    {
      "id" : "function-setReminder",
      "type" : "function",
      "name" : "setReminder",
      "requirements" : [
        {
          "name" : "set_reminder",
          "negative" : false
        },
        {
          "name" : "task",
          "negative" : false
        },
        {
          "name" : "time",
          "negative" : false
        }
      ]
    },
    {
      "id" : "function-stopSearchProcess",
      "type" : "function",
      "name" : "stopSearchProcess"
    },
    {
      "id" : "function-storeAM_PM",
      "type" : "function",
      "name" : "storeAM_PM",
      "requirements" : [
        {
          "name" : "ask_am_pm",
          "negative" : false
        }
      ]
    },
    {
      "id" : "function-storeKeywords",
      "type" : "function",
      "name" : "storeKeywords",
      "requirements" : [
        {
          "name" : "missing_keywords",
          "negative" : false
        }
      ]
    },
    {
      "id" : "function-storeTask",
      "type" : "function",
      "name" : "storeTask",
      "requirements" : [
        {
          "name" : "missing_task",
          "negative" : false
        }
      ]
    },
    {
      "id" : "function-storeTime",
      "type" : "function",
      "name" : "storeTime",
      "requirements" : [
        {
          "name" : "missing_time",
          "negative" : false
        }
      ]
    },
    {
      "id" : "template-AM or PM?",
      "type" : "template",
      "template" : "AM or PM?",
      "requirements" : [
        {
          "name" : "ask_am_pm",
          "negative" : false
        }
      ],
      "quickreplies" : [
        "AM",
        "PM"
      ]
    },
    {
      "id" : "template-Do you want me to search for \"{keywords}\"?",
      "type" : "template",
      "template" : "Do you want me to search for \"{keywords}\"?",
      "requirements" : [
        {
          "name" : "keywords",
          "negative" : false
        },
        {
          "name" : "missing_search_intent",
          "negative" : false
        }
      ],
      "quickreplies" : [
        "Yes",
        "No"
      ]
    },
    {
      "id" : "template-Got it",
      "type" : "template",
      "template" : "Got it",
      "requirements" : [
        {
          "name" : "success",
          "negative" : false
        }
      ]
    },
    {
      "id" : "template-Howdy!",
      "type" : "template",
      "template" : "Howdy!"
    },
    {
      "id" : "template-I didn't catch that...",
      "type" : "template",
      "template" : "I didn't catch that...",
      "requirements" : [
        {
          "name" : "no_task",
          "negative" : false
        }
      ]
    },
    {
      "id" : "template-I need a time",
      "type" : "template",
      "template" : "I need a time",
      "requirements" : [
        {
          "name" : "ask_am_pm",
          "negative" : false
        },
        {
          "name" : "no_time",
          "negative" : false
        }
      ]
    },
    {
      "id" : "template-I'm Asa",
      "type" : "template",
      "template" : "I'm Asa"
    },
    {
      "id" : "template-If you want to set a reminder, try saying something like \"Remind me to get a gift for mother's day\"",
      "type" : "template",
      "template" : "If you want to set a reminder, try saying something like \"Remind me to get a gift for mother's day\"",
      "requirements" : [
        {
          "name" : "missing_reminder_intent",
          "negative" : false
        }
      ]
    },
    {
      "id" : "template-If you want to set another reminder, try using a more specific time like \"October 6 at 9:15am\"",
      "type" : "template",
      "template" : "If you want to set another reminder, try using a more specific time like \"October 6 at 9:15am\""
    },
    {
      "id" : "template-Is that correct?",
      "type" : "template",
      "template" : "Is that correct?",
      "requirements" : [
        {
          "name" : "set_reminder",
          "negative" : false
        },
        {
          "name" : "task",
          "negative" : false
        },
        {
          "name" : "time",
          "negative" : false
        }
      ],
      "quickreplies" : [
        "Yes",
        "No"
      ]
    },
    {
      "id" : "template-No problem!",
      "type" : "template",
      "template" : "No problem!"
    },
    {
      "id" : "template-Ok, I'll remind you to {task} on {time}",
      "type" : "template",
      "template" : "Ok, I'll remind you to {task} on {time}",
      "requirements" : [
        {
          "name" : "set_reminder",
          "negative" : false
        },
        {
          "name" : "task",
          "negative" : false
        },
        {
          "name" : "time",
          "negative" : false
        }
      ]
    },
    {
      "id" : "template-Ok, just itching to search for something",
      "type" : "template",
      "template" : "Ok, just itching to search for something"
    },
    {
      "id" : "template-So sorry but you'll have to try again a little later :(",
      "type" : "template",
      "template" : "So sorry but you'll have to try again a little later :(",
      "requirements" : [
        {
          "name" : "fail",
          "negative" : false
        }
      ]
    },
    {
      "id" : "template-Something went wrong and I couldn't save your reminder",
      "type" : "template",
      "template" : "Something went wrong and I couldn't save your reminder",
      "requirements" : [
        {
          "name" : "fail",
          "negative" : false
        }
      ]
    },
    {
      "id" : "template-Sorry about that",
      "type" : "template",
      "template" : "Sorry about that"
    },
    {
      "id" : "template-Sorry, I couldn't understand that time",
      "type" : "template",
      "template" : "Sorry, I couldn't understand that time",
      "requirements" : [
        {
          "name" : "missing_time",
          "negative" : false
        },
        {
          "name" : "no_time",
          "negative" : false
        }
      ]
    },
    {
      "id" : "template-Sorry, I don't understand what you want to search :(",
      "type" : "template",
      "template" : "Sorry, I don't understand what you want to search :(",
      "requirements" : [
        {
          "name" : "no_keywords",
          "negative" : false
        }
      ]
    },
    {
      "id" : "template-Well... I'm about 2 weeks old",
      "type" : "template",
      "template" : "Well... I'm about 2 weeks old"
    },
    {
      "id" : "template-What are you looking for?",
      "type" : "template",
      "template" : "What are you looking for?",
      "requirements" : [
        {
          "name" : "missing_keywords",
          "negative" : false
        }
      ]
    },
    {
      "id" : "template-What do you think?",
      "type" : "template",
      "template" : "What do you think?"
    },
    {
      "id" : "template-What should I remind you to do?",
      "type" : "template",
      "template" : "What should I remind you to do?",
      "requirements" : [
        {
          "name" : "missing_task",
          "negative" : false
        }
      ]
    },
    {
      "id" : "template-When should I remind you?",
      "type" : "template",
      "template" : "When should I remind you?",
      "requirements" : [
        {
          "name" : "missing_time",
          "negative" : false
        }
      ]
    }
  ]
}