{
  "data" : [
    {
      "name" : "Item Search",
      "turns" : [
        {
          "user" : "I'm looking for Skyrim",
          "entities" : [
            {
              "entity" : "intent",
              "value" : "\"search\""
            },
            {
              "entity" : "keywords",
              "value" : "\"Skyrim\"",
              "start" : 16,
              "end" : 22
            }
          ],
          "operations" : [
            {
              "bookmark" : "searchProcess"
            },
            {
              "action" : "function-checkQuery"
            },
            {
              "branches" : [
                {
                  "predicates" : [
                    {
                      "name" : "run_search",
                      "negative" : false
                    }
                  ],
                  "operations" : [
                    {
                      "bookmark" : "search"
                    },
                    {
                      "action" : "function-search"
                    },
                    {
                      "branches" : [
                        {
                          "predicates" : [
                            {
                              "name" : "search_results",
                              "negative" : false
                            }
                          ],
                          "operations" : [
                            {
                              "action" : "function-sendSearchResults"
                            },
                            {
                              "action" : "function-sendAddFilterPrompt"
                            }
                          ]
                        }
                      ]
                    }
                  ]
                },
                {
                  "predicates" : [
                    {
                      "name" : "missing_keywords",
                      "negative" : false
                    }
                  ],
                  "operations" : [
                    {
                      "action" : "template-What are you looking for?"
                    }
                  ],
                  "turns" : [
                    {
                      "user" : "chameleon pillows",
                      "entities" : [
                        {
                          "entity" : "keywords",
                          "value" : "\"chameleon pillows\"",
                          "start" : 0,
                          "end" : 17
                        }
                      ],
                      "operations" : [
                        {
                          "action" : "function-storeKeywords"
                        },
                        {
                          "branches" : [
                            {
                              "predicates" : [
                                {
                                  "name" : "keywords",
                                  "negative" : false
                                }
                              ],
                              "operations" : [
                                {
                                  "jump" : "search"
                                }
                              ]
                            },
                            {
                              "predicates" : [
                                {
                                  "name" : "no_keywords",
                                  "negative" : false
                                }
                              ],
                              "operations" : [
                                {
                                  "action" : "template-Sorry, I don't understand what you want to search :("
                                },
                                {
                                  "action" : "function-clearContext"
                                }
                              ]
                            }
                          ]
                        }
                      ]
                    }
                  ]
                },
                {
                  "predicates" : [
                    {
                      "name" : "missing_search_intent",
                      "negative" : false
                    }
                  ],
                  "operations" : [
                    {
                      "action" : "template-Do you want me to search for \"{keywords}\"?"
                    }
                  ],
                  "turns" : [
                    {
                      "branches" : [
                        [
                          {
                            "user" : "Yes",
                            "entities" : [
                              {
                                "entity" : "yes_no",
                                "value" : "\"yes\""
                              }
                            ],
                            "operations" : [
                              {
                                "action" : "function-confirmSearch"
                              },
                              {
                                "jump" : "search"
                              }
                            ]
                          }
                        ],
                        [
                          {
                            "user" : "No",
                            "entities" : [
                              {
                                "entity" : "yes_no",
                                "value" : "\"no\""
                              }
                            ],
                            "operations" : [
                              {
                                "action" : "template-Ok, just itching to search for something"
                              },
                              {
                                "action" : "function-clearContext"
                              }
                            ]
                          }
                        ]
                      ]
                    }
                  ]
                }
              ]
            }
          ]
        }
      ]
    },
    {
      "name" : "Small Talk: simple greeting",
      "turns" : [
        {
          "user" : "Hey",
          "entities" : [
            {
              "entity" : "intent",
              "value" : "\"greeting_simple\""
            }
          ],
          "operations" : [
            {
              "action" : "template-Howdy!"
            }
          ]
        }
      ]
    },
    {
      "name" : "Small Talk: ask for name",
      "turns" : [
        {
          "user" : "What's your name?",
          "entities" : [
            {
              "entity" : "intent",
              "value" : "\"query_name\""
            }
          ],
          "operations" : [
            {
              "action" : "template-I'm Asa"
            }
          ]
        }
      ]
    },
    {
      "name" : "Small Talk: ask for help",
      "turns" : [
        {
          "user" : "Can you help me?",
          "entities" : [
            {
              "entity" : "intent",
              "value" : "\"help\""
            }
          ],
          "operations" : [
            {
              "action" : "function-sendHelpMessage"
            }
          ]
        }
      ]
    },
    {
      "name" : "Small Talk: ask for age",
      "turns" : [
        {
          "user" : "How old are you?",
          "entities" : [
            {
              "entity" : "intent",
              "value" : "\"query_age\""
            }
          ],
          "operations" : [
            {
              "action" : "template-Well... I'm about 2 weeks old"
            }
          ]
        }
      ]
    },
    {
      "name" : "Stop Selecting Variations",
      "turns" : [
        {
          "user" : "Nevermind",
          "entities" : [
            {
              "entity" : "intent",
              "value" : "\"stop_selecting\""
            }
          ],
          "operations" : [
            {
              "action" : "function-stopSearchProcess"
            }
          ]
        }
      ]
    },
    {
      "name" : "Reselect Variations",
      "turns" : [
        {
          "user" : "Reselect",
          "entities" : [
            {
              "entity" : "intent",
              "value" : "\"restart_selection\""
            }
          ],
          "operations" : [
            {
              "action" : "function-resetVariations"
            }
          ]
        }
      ]
    },
    {
      "name" : "Small Talk: say thanks",
      "turns" : [
        {
          "user" : "Thanks!",
          "entities" : [
            {
              "entity" : "intent",
              "value" : "\"gratitude\""
            }
          ],
          "operations" : [
            {
              "action" : "template-No problem!"
            }
          ]
        }
      ]
    },
    {
      "name" : "Small Talk: ask if human",
      "turns" : [
        {
          "user" : "Are you human?",
          "entities" : [
            {
              "entity" : "intent",
              "value" : "\"query_human\""
            }
          ],
          "operations" : [
            {
              "action" : "template-What do you think?"
            }
          ]
        }
      ]
    },
    {
      "name" : "Set Reminder",
      "turns" : [
        {
          "user" : "Can you remind me to buy a gift for my mom?",
          "entities" : [
            {
              "entity" : "intent",
              "value" : "\"reminder\""
            },
            {
              "entity" : "task",
              "value" : "\"buy a gift for my mom\"",
              "start" : 21,
              "end" : 42
            }
          ],
          "operations" : [
            {
              "bookmark" : "checkReminder"
            },
            {
              "action" : "function-checkReminder"
            },
            {
              "branches" : [
                {
                  "predicates" : [
                    {
                      "name" : "set_reminder",
                      "negative" : false
                    }
                  ],
                  "operations" : [
                    {
                      "action" : "template-Ok, I'll remind you to {task} on {time}"
                    },
                    {
                      "action" : "template-Is that correct?"
                    }
                  ],
                  "turns" : [
                    {
                      "branches" : [
                        [
                          {
                            "user" : "Yes",
                            "entities" : [
                              {
                                "entity" : "yes_no",
                                "value" : "\"yes\""
                              }
                            ],
                            "operations" : [
                              {
                                "action" : "function-setReminder"
                              },
                              {
                                "branches" : [
                                  {
                                    "predicates" : [
                                      {
                                        "name" : "success",
                                        "negative" : false
                                      }
                                    ],
                                    "operations" : [
                                      {
                                        "action" : "template-Got it"
                                      },
                                      {
                                        "action" : "function-clearContext"
                                      }
                                    ]
                                  },
                                  {
                                    "predicates" : [
                                      {
                                        "name" : "fail",
                                        "negative" : false
                                      }
                                    ],
                                    "operations" : [
                                      {
                                        "action" : "template-Something went wrong and I couldn't save your reminder"
                                      },
                                      {
                                        "action" : "template-So sorry but you'll have to try again a little later :("
                                      },
                                      {
                                        "action" : "function-clearContext"
                                      }
                                    ]
                                  }
                                ]
                              }
                            ]
                          }
                        ],
                        [
                          {
                            "user" : "No",
                            "entities" : [
                              {
                                "entity" : "yes_no",
                                "value" : "\"no\""
                              }
                            ],
                            "operations" : [
                              {
                                "action" : "template-Sorry about that"
                              },
                              {
                                "action" : "template-If you want to set another reminder, try using a more specific time like \"October 6 at 9:15am\""
                              },
                              {
                                "action" : "function-clearContext"
                              }
                            ]
                          }
                        ]
                      ]
                    }
                  ]
                },
                {
                  "predicates" : [
                    {
                      "name" : "missing_task",
                      "negative" : false
                    }
                  ],
                  "operations" : [
                    {
                      "action" : "template-What should I remind you to do?"
                    }
                  ],
                  "turns" : [
                    {
                      "user" : "purchase textbooks",
                      "entities" : [
                        {
                          "entity" : "task",
                          "value" : "\"purchase textbooks\"",
                          "start" : 0,
                          "end" : 18
                        }
                      ],
                      "operations" : [
                        {
                          "action" : "function-storeTask"
                        },
                        {
                          "branches" : [
                            {
                              "predicates" : [
                                {
                                  "name" : "task",
                                  "negative" : false
                                }
                              ],
                              "operations" : [
                                {
                                  "jump" : "checkReminder"
                                }
                              ]
                            },
                            {
                              "predicates" : [
                                {
                                  "name" : "no_task",
                                  "negative" : false
                                }
                              ],
                              "operations" : [
                                {
                                  "action" : "template-I didn't catch that..."
                                },
                                {
                                  "jump" : "checkReminder"
                                }
                              ]
                            }
                          ]
                        }
                      ]
                    }
                  ]
                },
                {
                  "predicates" : [
                    {
                      "name" : "missing_time",
                      "negative" : false
                    }
                  ],
                  "operations" : [
                    {
                      "action" : "template-When should I remind you?"
                    }
                  ],
                  "turns" : [
                    {
                      "user" : "A week from now",
                      "entities" : [
                        {
                          "entity" : "datetime",
                          "value" : "\"2016-11-17T00:00:00.000-08:00\"",
                          "start" : 0,
                          "end" : 15
                        }
                      ],
                      "operations" : [
                        {
                          "action" : "function-storeTime"
                        },
                        {
                          "branches" : [
                            {
                              "predicates" : [
                                {
                                  "name" : "time",
                                  "negative" : false
                                }
                              ],
                              "operations" : [
                                {
                                  "jump" : "checkReminder"
                                }
                              ]
                            },
                            {
                              "predicates" : [
                                {
                                  "name" : "no_time",
                                  "negative" : false
                                }
                              ],
                              "operations" : [
                                {
                                  "action" : "template-Sorry, I couldn't understand that time"
                                },
                                {
                                  "jump" : "checkReminder"
                                }
                              ]
                            },
                            {
                              "predicates" : [
                                {
                                  "name" : "ask_am_pm",
                                  "negative" : false
                                }
                              ],
                              "operations" : [
                                {
                                  "jump" : "askAM_PM"
                                }
                              ]
                            }
                          ]
                        }
                      ]
                    }
                  ]
                },
                {
                  "predicates" : [
                    {
                      "name" : "missing_reminder_intent",
                      "negative" : false
                    }
                  ],
                  "operations" : [
                    {
                      "action" : "template-If you want to set a reminder, try saying something like \"Remind me to get a gift for mother's day\""
                    },
                    {
                      "action" : "function-clearContext"
                    }
                  ]
                },
                {
                  "predicates" : [
                    {
                      "name" : "ask_am_pm",
                      "negative" : false
                    }
                  ],
                  "operations" : [
                    {
                      "bookmark" : "askAM_PM"
                    },
                    {
                      "action" : "template-AM or PM?"
                    }
                  ],
                  "turns" : [
                    {
                      "user" : "PM",
                      "entities" : [
                        {
                          "entity" : "am_pm",
                          "value" : "\"PM\""
                        }
                      ],
                      "operations" : [
                        {
                          "action" : "function-storeAM_PM"
                        },
                        {
                          "branches" : [
                            {
                              "predicates" : [
                                {
                                  "name" : "time",
                                  "negative" : false
                                }
                              ],
                              "operations" : [
                                {
                                  "jump" : "checkReminder"
                                }
                              ]
                            },
                            {
                              "predicates" : [
                                {
                                  "name" : "no_time",
                                  "negative" : false
                                }
                              ],
                              "operations" : [
                                {
                                  "action" : "template-I need a time"
                                },
                                {
                                  "jump" : "checkReminder"
                                }
                              ]
                            }
                          ]
                        }
                      ]
                    }
                  ]
                }
              ]
            }
          ]
        }
      ]
    },
    {
      "name" : "Item Recommendation",
      "turns" : [
        {
          "user" : "Can you recommend a book?",
          "entities" : [
            {
              "entity" : "intent",
              "value" : "\"recommend\""
            },
            {
              "entity" : "keywords",
              "value" : "\"book\"",
              "start" : 20,
              "end" : 24
            }
          ],
          "operations" : [
            {
              "jump" : "searchProcess"
            }
          ]
        }
      ]
    }
  ]
}